{
    "name": "Big Multiplayer Chess",
    "description": "Make words! lots of words! two at once! heaps in a row! then you'll get bonus points! Get words up, down, forward and backwards! On easy, get words with 2+ letters, on medium 3+, Hard 4+! When the board fills up its game over!",
    "version": "4",
    "manifest_version": 2,
    "app": {
        "urls": [
            "*://bigmultiplayerchess.com/"
        ],
        "launch": {
            "web_url": "http://bigmultiplayerchess.com/?noads=true"
        }
    },
    "icons": {
        "128": "/static/img/wordsmashing_icon128.png",
        "64": "/static/img/wordsmashing_icon64.png",
        "60": "/static/img/wordsmashing_icon60.png"
    },
    "fullscreen": "true",
    "developer": {
        "name": "Big Multiplayer Chess",
        "url": "http://bigmultiplayerchess.com"
    }
}
